日期,acwing,luogu,codeforces,nowcoder
2025-04-18,2,100,87,9
2025-04-19,2,103,90,9
2025-04-20,2,108,97,9
2025-04-21,2,110,100,9
2025-04-22,2,110,103,9
2025-04-23,2,115,106,9
2025-04-24,2,116,110,9
2025-04-25,2,118,113,11 
2025-04-26,2,121,116,11
2025-04-27,2,122,120,11
2025-04-28,2,125,123,11
2025-04-29,2,126,126,11
2025-04-30,2,126,128,11
2025-05-01,2,129,133,11
2025-05-02,2,130,136,11
2025-05-03,2,131,139,11
2025-05-04,2,132,143,11
2025-05-05,2,133,148,11
2025-05-06,2,136,151,11
2025-05-07,2,137,154,12
2025-05-08,2,138,157,12
2025-05-09,2,140,160,12
2025-05-10,2,142,164,12
2025-05-11,2,144,167,12
2025-05-12,2,146,170,12
2025-05-13,2,148,173,12
2025-05-14,2,149,176,12
2025-05-15,2,150,179,12
2025-05-16,2,151,182,12
2025-05-17,2,152,185,12
2025-05-18,2,153,189,12
2025-05-19,2,154,192,12
2025-05-20,2,155,195,12
2025-05-21,2,156,198,12
2025-05-22,2,158,201,12
2025-05-23,2,159,203,12
2025-05-24,2,160,206,12
2025-05-25,2,161,210,12
2025-05-26,2,162,213,12
2025-05-27,2,163,216,12
2025-05-28,2,164,219,12
2025-05-29,2,165,222,12
2025-05-30,2,166,225,12
2025-05-31,2,167,228,12
2025-06-01,2,168,231,12
2025-06-02,2,169,234,12
2025-06-03,2,172,237,12
2025-06-04,2,173,240,12
2025-06-05,2,175,241,12
